"54525902","NBA 2K17 (Xbox One)"
"54315964","Guitar Hero Supreme Party Edition Bundle with 2 Guitar Controllers (Xbox One)"
"54000916","Forza Horizon 3 (Xbox One)"
"37310589","Mortal Kombat X (Xbox One)"
"52386296","Watch Dogs 2 - Xbox One"
"50775495","ROCKET LEAGUE (Xbox One)"
"40739187","Minecraft (Xbox One)"
"51435162","Madden NFL 17 - Xbox One"
"44676910","Halo 5: Guardians (Xbox One)"
"53737279","Farming Simulator 17 - Xbox One"
"44676214","Disney Infinity 3.0 Edition Starter Pack (Xbox One)"
"52504864","FIFA 17 (Xbox One)"
"51868077","Gears of War 4 (Xbox One)"
"52236889","Attack on Titan - Xbox One"
"45909288","Rare Replay 30 Hit Games One Epic Collection Only On XBOX ONE"
"137369561","Star Wars Battlefront Ultimate Edition Bundle (Xbox One)"
"54000922","Dead Rising 4 (Xbox One)"
"52386313","Watch Dogs 2 Deluxe Edition (Xbox One)"
"51055423","Call of Duty Black Ops 3 Gold Edition w/ DLC (Xbox One)"
"45611534","Fallout 4 - Xbox One"
"40481470","Monopoly Family Fun Pack - Xbox One"
"54567268","Pac-Man Championship 2 (Xbox One)"
"44784065","Guitar Hero Live Bundle (Xbox One)"
"49593190","Mortal Kombat XL (Xbox One)"
"52664455","Resident Evil 7 (Xbox One)"
"45098363","WWE 2K16 (Xbox One)"
"51547602","7 Days to Die (Xbox One)"
"52504855","NHL 17 (Xbox One)"
"49972477","Rainbow Six Siege (Xbox One) - Pre-Owned"
"48982006","Tom Clancy Rainbow Six Siege (Xbox One)"
"54371040","Farming Simulator 17 (Xbox One)"
"54525901","NBA 2K17 (Xbox 360)"
"33006931","The Witcher 3: Wild Hunt (Xbox One)"
"25394878","Need for Speed: Rivals (Xbox One)"
"22174738","Grand Theft Auto V (Xbox 360)"
"44676216","Disney Infinity 3.0 Edition Starter Pack (Xbox 360)"
"155974167","Call of Duty: Black Ops Collection (Xbox 360)"
"52539558","WWE 2K17 (Xbox 360)"
"52386297","Watch Dogs 2 - PlayStation 4"
"43174678","Destiny The Collection - PlayStation 4"
"54371038","Farming Simulator 17 - PlayStation 4"
"54525900","NBA 2K17 (PS4)"
"36156885","FIFA 15 - PlayStation 4"
"36009510","PlayStation Vita Borderlands 2 Bundle"
"51747229","Call Of Duty Infinite Warfare- Legacy Edition (PS4)"
"54315963","Guitar Hero Live Supreme Party Edition Video Game (PS4)"
"52539552","WWE 2K17 (PS4)"
"51435159","Madden NFL 17 (PS4)"
"51055422","Call of Duty Black Ops 3 Gold Edition w/ DLC (PS4)"
"53966157","Skyrim Special Edition (PS4)"
"39127356","Minecraft (PS4)"
"44911580","Call Of Duty Black Ops III (PS4)"
"36142285","The Last of Us Remastered (PS4)"
"37310588","Mortal Kombat X (PS4)"
"51269394","Rocket League (PS4)"
"55098895","MLB 17: The Show (PS4)"
"48982010","Tom Clancy Rainbow Six Siege (PS4)"
"25394877","Need for Speed: Rivals (PS4)"
"49593184","Mortal Kombat XL (PS4)"
"45611533","Fallout 4 (PS4)"
"50277675","Far Cry Primal (PS4)"
"22174739","Grand Theft Auto V (PS3)"
"51686568","Monster Jam (PS4)"
"53966155","Dragon Ball Xenoverse 2 (PS4)"
"45609463","FIFA 16 (PS4)"
"52504863","FIFA 17 Deluxe Edition (PS4)"
"55142883","The Legend of Zelda: Breath of the Wild (Wii U)"
"46189330","Nintendo Amiibo Mario Mini Figure [Classic Colors]"
"54315538","The Legend Zelda: The Wind Waker HD - Nintendo Selects (Wii U)"
"46189328","Zero Suit Samus Super Smash Bros Series amiibo (Nintendo WiiU or New Nintendo 3DS)"
"52901844","Splatoon 2 (Nintendo Switch)"
"39127358","Super Smash Brothers (Wii U)"
"45609462","FIFA 16 (Xbox One)"
"45609465","FIFA 16 (Xbox 360)"
"45609464","FIFA 16 (PS3)"
"36156883","FIFA 15 (Xbox One)"
"17615828","FIFA Street - Xbox 360"
"45630774","FIFA 16 - Deluxe Edition - Xbox One"
"42294233","FIFA 15 (Xbox 360) - Pre-Owned"
"45630775","FIFA 16 - Deluxe Edition - PlayStation 4"
"45630779","EA FIFA 16 Deluxe Edition - Sports Game - Xbox 360"
"36156886","FIFA 15 - Xbox 360"
"54946598","Xbox One FIFA 17 Standard"
"36156888","FIFA 15 (PS3)"
"13075357","2010 FIFA World Cup South Africa - Xbox 360"
"54946615","Xbox One FIFA 17 Ultimate Team FIFA Points, 2200"
"14562196","FIFA Soccer 11 - PlayStation 2"
"5996783","FIFA 08 - Playstation 3"
"4872380","2006 FIFA World Cup - Xbox 360"
"159794519","Refurbished FIFA 17 - Xbox One"
"3942921","FIFA 06: Road To Fifa World Cup - Xbox 360"
"42031387","Electronic Arts FIFA 15 (Digital Code)"
"10190877","FIFA Soccer 09 - PlayStation 2"
"11983461","FIFA Soccer 10 - Nintendo Wii"
"10190891","FIFA Soccer 09 - Xbox 360"
"32291595","FIFA 14 (Xbox 360) game"
"41350624","Fifa 15 - Wii - (Electronic Arts)"
"422134511","Refurbished FIFA 17 - PlayStation 4"
"196756209","Refurbished FIFA 17 Deluxe Edition - Xbox One"
"42031384","Electronic Arts FIFA 14 (Digital Code)"
"16897470","FIFA Soccer 12 (PSP)"
"41281742","FIFA 15 - PlayStation Vita (Electronic Arts)"
"4872381","2006 FIFA World Cup - Nintendo DS"
"171056514","Refurbished FIFA 15 - Xbox 360"
"123407875","Refurbished FIFA 15 - PlayStation 3"
"159852661","Refurbished FIFA 16 - Deluxe Edition - PlayStation 3"
"137131780","Refurbished FIFA 15 - Xbox One"
"102396062","Refurbished FIFA 14 - Playstation 3"
"137146441","Refurbished FIFA Soccer 12 - Playstation 3"
"115277312","Refurbished FIFA 14 - Xbox One"
"117028724","Refurbished FIFA 15 - Wii"
"146469447","Refurbished XBox360, FIFA Soccer 13 With Bonus 2200 FIFA Points [Unlocks 22 Gold Packs]"
"143616625","Refurbished FIFA 14 - Playstation 3"
"398068984","Refurbished FIFA 14 - Playstation 3"
"910634932","Refurbished EA Sports FIFA Soccer - PlayStation Vita"
"688824245","Refurbished FIFA 15 (Ultimate Edition) - Xbox One"
"103806592","Refurbished FIFA Soccer 13 - PlayStation Vita"
"42895055","Naruto Shippuden: Ultimate Ninja Storm 4 (PS4)"
"55652062","Destiny 2, Activision, PS4"
"55652063","Destiny 2, Activision, Xbox One"
"41280266","Activision Pcshav71730 Diablo Ii Battlechest"
"9204250","Activision 047875953338 Guitar Hero: Aerosmith for Playstation 2"
"41484986","Activision Transformers 4 - Action/adventure Game - Playstation 3 (84946_2)"
"41077512","Activision Diablo Iii - Role Playing Game - Blu-ray Disc - Playstation 3 (86323_2)"
"41485158","Activision Spider-man: Web Of Shadows Role Playing Game - Playstation 3"
"15237957","Activision James Bond 007: Golden Eye & Gold Controller (Wii)(Certified Refurbished)"
"46581611","Refurbished Activision 72953 Software"
"51968609","Activision 87807 Cod Mod Warfare Trilogy Ps3"
"54189813","Activision Zhu Zhu Pets 2: Featuring The Wild Bunch - Puzzle Game - Retail - Cartridge - Nintendo Ds"
"41155330","Activision Call Of Duty: Ghosts - First Person Shooter - Blu-ray Disc - Playstation 3 (84677)"
"184946064","Activision Guitar Hero Replacement Drum Sticks for Wii PS2 PS3 Xbox 360"
"51169524","Activision X-Men Origins: Wolverine - Action/Adventure Game - PC"
"41485054","Activision 76901 Men In Black 3 Ps3"
"41283061","Activision 76594 Generator Rex Providence Ps3"
"41484724","Activision Dark Dimensions:wax Beauty Ce"
"41283057","Activision 76678 Quest For Zhu Ds"
"45589069","Call of Duty Black Ops III (PS3)"
"54611135","Skylanders Imaginators Barbella Senseis Character Pack"
"54611173","Skylanders Imaginators Water Creation Crystal"
"105822683","Call of Duty: Black Ops Collection (PS3)"
"54611164","Skylanders Imaginators Life Creation Crystal"
"54611175","Skylanders Imaginators Undead Creation Crystal"
"45447572","Skylanders Superchargers Starter Kit (Wii U)"
"55122195","Skylanders Imaginators Portal Owners Pack (WalMart Exclusive) (Wii U)"
"54611159","Skylanders Imaginators Air Creation Crystal"
"21569873","The Walking Dead: Survival Instinct (Xbox 360)"
"54611162","Skylanders Imaginators Earth Creation Crystal"
"55122194","Skylanders Imaginators Portal Owners Pack (WalMart Exclusive) (PS4)"
"45736614","Destiny The Taken King  XOne"
"44626551","Call of Duty Black Ops 1 & 2 Xbox 360 Combo with First Strike Map Pack (Xbox 360)"
"46800161","Ubisoft Hasbro Family Fun Pack - Board Game - Xbox One"
"8043432","Ubisoft 008888164104 My Weight Loss Coach for Nintendo DS"
"17216186","Ubisoft The Price Is Right Decades"
"47422408","Ubisoft Just Dance 2016 - Entertainment Game - Wii U (ubp10801065)"
"47422389","Ubisoft Just Dance 2016 - Simulation Game - Playstation 3 (ubp30401066)"
"41485630","Ubisoft 16597 Imagine: Sweet 16 Ds"
"41485009","Ubisoft Watch Dogs - Action/adventure Game - Xbox 360 (52804)"
"42513050","Ubisoft Rabbids Invasion: The Interactive Tv Show - Action/adventure Game - Xbox 360 (ubp50200995)"
"52621359","Ubisoft UBP50402004 Xb1 Far Cry Primal"
"41485367","Ubisoft 36835 T C Splinter Cell"
"41485489","Ubisoft 39395 Rainbow 6 Vegas 2 Le Ps3"
"41485296","Ubisoft 39811 Assassins Creed Iv B F Ce Ps3"
"41252607","Ubisoft 16742 Petz Beach 3ds"
"45630776","Just Dance 2016 (Nintendo Wii)"
"52599740","For Honor Deluxe Edition (PS4)"
"55404449","Tom Clancy: Rainbow Six Siege - Year 2 Gold Edition (Xbox One)"
"45630782","Just Dance 2016 (Xbox 360)"
"46271654","Just Dance Disney Party 2 (Xbox 360)"
"55404448","Tom Clancy: Rainbow Six Siege - Year 2 Gold Edition (PS4)"
"16814359","Just Dance 3 (Wii)"
"55048834","Steep Day 1 (PS4)"
"52599753","Just Dance 2017 (PS3)"
"45589783","Toy Soldiers: War Chest Hall of Fame Edition (PS4)"
"49972478","Rainbow Six Siege (PS4) - Pre-Owned"
"54519488","Star Trek: Bridge Crew (PlayStation VR)"
"46424680","The Crew Wild Run Edition (PS4)"
"45630778","Just Dance 2016 (Xbox One)"
"21089920","ZombiU - Nintendo Wii U"
"37908995","The Crew (PS4)"
"52386300","Watch Dogs 2 Gold Edition (Xbox One)"
"12311484","Game Party 3 (Wii)"
"14954747","Sonic Colors (Wii)"
"6527131","Super Smash Bros. Brawl (Wii)"
"45447571","Skylanders Superchargers Starter Kit (Wii)"
"7975975","Bass Fishing (Wii)"
"21020597","I Spy Ultimate and Spooky Mansion Game Pack (Wii)"
"46271653","Just Dance Disney Party 2 (Wii)"
"49911791","Animal Crossing City Folk - Nintendo Selects (Wii)"
"11395519","Sonic & Sega All-Stars Racing (Wii)"
"10339489","Sonic and the Black Knight (Wii)"
"44676213","Disney Infinity 3.0 Edition Starter Pack (Wii U)"
"50775502","POKKEN TOURNAMENT (Wii U)"
"23109844","Just Dance 3  (Wii) - Pre-Owned"
"5013177","Wii - Call Of Duty 3"
"7789009","House Of The Dead 2 & 3 Return (Wii)"
"26374802","The Sims 3 (Wii) - Pre-Owned"
"14904991","Who Wants to Be a Millionaire (Wii)"
"54315535","Captain Toad: Treasure Tracker + Toad Amiibo (Wii U)"
"10660643","House of the Dead Overkill - Wii"
"39878800","How to Train Your Dragon 2: The Video Game - Wii Pre-Owned"
"12790259","Disney Epic Mickey (Wii)"
"13352128","My Fitness Coach 2: Workout & Nutrition (Wii)"
"13430242","Calling (Wii)"
"37370346","Wii Sports Club - Wii U"
"43086179","Xenoblade Chronicles X (Wii U)"
"20628437","Disney Epic Mickey 2: The Power of Two (Nintendo Wii)"
"33556582","Wii Fit U with Meter (Wii U)"
"50382777","TOKYO MIRAGE SESSIONS FE (Wii U)"
"54308467","Star Fox Zero - Pre-Owned (Wii U)"
"21089916","Rayman Legends - Wii U"
"45736610","Guitar Hero Live 2-Pack Bundle - Wii U"
"37688624","Hyrule Warriors - Nintendo Wii U"
"36754128","Disney Infinity: Disney Originals (2.0 Edition) Toy Box Starter Pack (Wii U)"
"21020971","Injustice: Gods Among Us (Wii U)"
"48173940","Pokken Tournament (Wii U)"
"45787487","Star Fox Zero (Wii U)"
"47215981","Super Smash Brothers (Wii U) with Bonus $15 Wal-Mart Gift Card"
